{"mean": [8.340962409973145, 8.669413566589355, 10.089853286743164, 11.310187339782715, 12.485031127929688, 13.410913467407227, 14.079461097717285, 14.424135208129883, 14.683719635009766, 14.4179105758667, 14.159124374389648, 13.924365997314453, 14.08842945098877, 14.451754570007324, 14.608384132385254, 14.722074508666992, 14.791007995605469, 14.720358848571777, 14.77268123626709, 14.524801254272461, 14.323753356933594, 14.545013427734375, 14.449647903442383, 14.571708679199219, 14.534900665283203, 14.508670806884766, 14.3594331741333, 14.40151309967041, 14.410636901855469, 14.416071891784668, 14.40293025970459, 14.297579765319824, 14.323675155639648, 14.376760482788086, 14.449462890625, 14.561712265014648, 14.621048927307129, 14.585891723632812, 14.57048225402832, 14.469793319702148, 14.518256187438965, 14.550250053405762, 14.607653617858887, 14.670665740966797, 14.7891845703125, 14.88497257232666, 14.962441444396973, 15.065465927124023, 15.157610893249512, 15.178230285644531, 15.20322322845459, 15.241155624389648, 15.392775535583496, 15.438333511352539, 15.495691299438477, 15.533061981201172, 15.54805850982666, 15.624719619750977, 15.644619941711426, 15.693696975708008, 15.673873901367188, 15.668485641479492, 15.606202125549316, 15.49950885772705, 15.347973823547363, 15.278377532958984, 15.219156265258789, 15.21868896484375, 15.069621086120605, 15.056982040405273, 15.029999732971191, 14.977937698364258, 14.840736389160156, 14.815279960632324, 14.666670799255371, 14.558369636535645, 14.378324508666992, 14.0858793258667, 13.618942260742188, 13.061467170715332], "istd": [0.2299211472272873, 0.23650014400482178, 0.223873570561409, 0.235388845205307, 0.23733316361904144, 0.23288096487522125, 0.2258111536502838, 0.2123400866985321, 0.2141917645931244, 0.21998965740203857, 0.22319304943084717, 0.21881349384784698, 0.21028916537761688, 0.20569074153900146, 0.1993204653263092, 0.19952978193759918, 0.20557187497615814, 0.2102675884962082, 0.21366406977176666, 0.21764667332172394, 0.22065992653369904, 0.22409535944461823, 0.23443907499313354, 0.2364901900291443, 0.24212518334388733, 0.24077484011650085, 0.24293109774589539, 0.24763236939907074, 0.2542117238044739, 0.2576112151145935, 0.2616075873374939, 0.261181503534317, 0.2680507302284241, 0.27457186579704285, 0.2779480516910553, 0.2830352485179901, 0.28490251302719116, 0.2791772782802582, 0.27500173449516296, 0.2746155858039856, 0.27215173840522766, 0.2806842029094696, 0.2795689105987549, 0.2843116819858551, 0.28789961338043213, 0.2873972952365875, 0.2858048677444458, 0.2870445251464844, 0.28614455461502075, 0.2786043584346771, 0.2761712968349457, 0.27465730905532837, 0.28201186656951904, 0.2806117832660675, 0.28242677450180054, 0.28442004323005676, 0.2862885296344757, 0.2928884029388428, 0.2916210889816284, 0.29465630650520325, 0.29230818152427673, 0.29427939653396606, 0.2952919006347656, 0.29590025544166565, 0.29701611399650574, 0.3042561411857605, 0.30927109718322754, 0.31117719411849976, 0.30662691593170166, 0.31211021542549133, 0.3179781138896942, 0.3212762176990509, 0.31631913781166077, 0.31753262877464294, 0.31136760115623474, 0.3083559274673462, 0.3047064542770386, 0.3056221008300781, 0.31275713443756104, 0.3242332339286804], "feature_method": "fbank"}